{
  "hour_risk_scores": {
    "0": 0.10643440525203071,
    "1": 0.10739129438717067,
    "2": 0.10795554562716407,
    "3": 0.10103140898031408,
    "4": 0.10186299844063267,
    "5": 0.11114492430988424,
    "6": 0.029317747858017138,
    "7": 0.03149682063587283,
    "8": 0.033965727058239165,
    "9": 0.029342310067943175,
    "10": 0.030932894094680332,
    "11": 0.02727145143419919,
    "12": 0.030516737160120846,
    "13": 0.02922981967808302,
    "14": 0.0306505343323916,
    "15": 0.03021824023727138,
    "16": 0.030021876942200126,
    "17": 0.03121905685537641,
    "18": 0.03323523693803159,
    "19": 0.030929135802469136,
    "20": 0.03170254074784276,
    "21": 0.02637239894762019,
    "22": 0.029411350958040264,
    "23": 0.03052589253076642
  },
  "global_mean": 0.05052,
  "high_risk_hours": [
    0,
    1,
    2,
    3,
    4,
    5
  ]
}