{
  "hour_risk_scores": {
    "0": 0.10655911676145867,
    "1": 0.10752188289322617,
    "2": 0.10808413746781596,
    "3": 0.10114338284194191,
    "4": 0.10197762893503015,
    "5": 0.11128018741633199,
    "6": 0.029265717791411044,
    "7": 0.03145106434155141,
    "8": 0.03392451139051413,
    "9": 0.029289857585139318,
    "10": 0.030884980430528376,
    "11": 0.02721406886338393,
    "12": 0.030468273773470625,
    "13": 0.0291781632900643,
    "14": 0.030601600788080288,
    "15": 0.030167938553022796,
    "16": 0.029970791277258567,
    "17": 0.031172147283995626,
    "18": 0.03319313032886723,
    "19": 0.030880643564356436,
    "20": 0.031657328207592504,
    "21": 0.026314504914888518,
    "22": 0.0293600291757841,
    "23": 0.030477048980090387
  },
  "global_mean": 0.05052,
  "high_risk_hours": [
    0,
    1,
    2,
    3,
    4,
    5
  ],
  "alpha": 30
}