{
  "best_model": "CatBoost",
  "selection_metric": "f1",
  "best_f1": 0.3101830558366296,
  "best_recall": 0.5564356435643565,
  "best_precision": 0.21502359392934575,
  "all_metrics": {
    "ANN": {
      "f1": 0.1375036884036589,
      "precision": 0.649025069637883,
      "recall": 0.0768976897689769,
      "accuracy": 0.9512760247370439,
      "roc_auc": 0.7393412712525269
    },
    "RandomForest": {
      "f1": 0.13736263736263737,
      "precision": 0.9146341463414634,
      "recall": 0.07425742574257425,
      "accuracy": 0.952892933940091,
      "roc_auc": 0.7485318858951783
    },
    "XGBoost": {
      "f1": 0.13050075872534142,
      "precision": 0.8113207547169812,
      "recall": 0.07095709570957096,
      "accuracy": 0.9522428364254638,
      "roc_auc": 0.7453274091826941
    },
    "LightGBM": {
      "f1": 0.2778651567578903,
      "precision": 0.20362686337790073,
      "recall": 0.4372937293729373,
      "accuracy": 0.8851994465836542,
      "roc_auc": 0.7162162484747976
    },
    "CatBoost": {
      "f1": 0.3101830558366296,
      "precision": 0.21502359392934575,
      "recall": 0.5564356435643565,
      "accuracy": 0.8749979163541198,
      "roc_auc": 0.7493253012034231
    }
  }
}